{
  "AFE": 1236163044999.965,
  "AFW": 796586157553.094,
  "ALB": 22977677860.79785,
  "DZA": 239899491127.7424,
  "AND": 3727673593.019216,
  "AGO": 84722957642.37566,
  "ATG": 2033085185.185185,
  "ARB": 3491516939569.8794,
  "ARG": 640591410663.8834,
  "ARM": 24212134631.064003,
  "AUS": 1723827215334.7063,
  "AUT": 516034144115.9503,
  "AZE": 72356176470.58824,
  "BHS": 14338500000.0,
  "BHR": 43205000000.0,
  "BGD": 437415331040.9943,
  "BRB": 6393564189.61345,
  "BLR": 71857382745.6066,
  "BEL": 632216577075.1093,
  "BLZ": 3281500000.0,
  "BEN": 19673284686.00226,
  "BOL": 45849832906.413895,
  "BIH": 27054889362.885204,
  "BWA": 19395765126.312748,
  "BRA": 2173665655937.2737,
  "BRN": 15128292953.509842,
  "BGR": 101584384672.78587,
  "BFA": 20324617838.967648,
  "BDI": 2642161668.9275384,
  "CPV": 2587252076.305599,
  "KHM": 31772759998.85713,
  "CMR": 47945510090.05286,
  "CAN": 2140085567791.4517,
  "CSS": 53252637669.89535,
  "CAF": 2555492085.2483063,
  "CEB": 2252970882003.431,
  "TCD": 13149325358.73826,
  "CHL": 335533331669.2191,
  "CHN": 17794781986104.457,
  "COL": 363540156234.8684,
  "COM": 1352380972.1566217,
  "COD": 66383287002.996895,
  "COG": 15321055818.326311,
  "CRI": 86497941439.01744,
  "CIV": 78788828906.86345,
  "HRV": 82688842717.3926,
  "CYP": 32229622669.195114,
  "CZE": 330858339871.6861,
  "DNK": 404198757537.9742,
  "DJI": 4098530513.557768,
  "DMA": 653992592.5925926,
  "DOM": 121444279313.9308,
  "EAR": 14847823837515.207,
  "EAS": 30775659199419.902,
  "TEA": 21124121301342.57,
  "EAP": 21150247849983.09,
  "ECU": 118844826000.0,
  "EGY": 395926075163.0058,
  "SLV": 34015620000.000004,
  "GNQ": 12116922539.411173,
  "EST": 40744848827.95366,
  "SWZ": 4597855845.042758,
  "ETH": 163697927593.98236,
  "EMU": 15544858680873.797,
  "ECS": 27240628835585.28,
  "TEC": 5466276097557.084,
  "ECA": 2098349713814.253,
  "EUU": 18349388450765.61,
  "FJI": 5494797540.733647,
  "FIN": 300187202696.08374,
  "FCS": 1906801170087.862,
  "FRA": 3030904089607.8965,
  "GAB": 20516134388.66078,
  "GMB": 2339904156.792144,
  "GEO": 30535530479.022663,
  "DEU": 4456081016705.961,
  "GHA": 76370394412.41626,
  "GRC": 238206312632.5277,
  "GRD": 1320334235.588974,
  "GTM": 102050473863.63635,
  "GIN": 23612295818.096096,
  "GNB": 1966461400.3583264,
  "GUY": 16786302158.273382,
  "HTI": 19850829757.747147,
  "HPC": 1130472157492.994,
  "HIC": 67653743404264.14,
  "HND": 34400509852.04365,
  "HKG": 382054574298.52905,
  "HUN": 212388906458.72397,
  "IBD": 38733043068564.85,
  "IBT": 41559721641424.8,
  "IDB": 1044015231915.957,
  "IDX": 1786070910237.1333,
  "IDA": 2828041013610.3545,
  "ISL": 31020032583.197216,
  "IND": 3549918918777.532,
  "IDN": 1371171152331.155,
  "IRN": 401504514718.7182,
  "IRQ": 250842782139.46417,
  "IRL": 545629450403.7351,
  "ISR": 509901495702.1033,
  "ITA": 2254851212731.8047,
  "JAM": 19423355367.23718,
  "JPN": 4212945159781.403,
  "JOR": 50813642348.67464,
  "KAZ": 261421121085.57208,
  "KEN": 107440575838.04752,
  "KIR": 279034355.10842144,
  "KOR": 1712792854202.369,
  "XKX": 10438351483.167696,
  "KWT": 161772221950.94162,
  "KGZ": 13987627908.83814,
  "LAO": 15843155731.25518,
  "LTE": 28341396914858.266,
  "LCN": 7094329636592.513,
  "LAC": 6050580948759.951,
  "TLA": 6772781697090.741,
  "LVA": 43627078481.28705,
  "LDC": 1504251159792.0146,
  "LSO": 2046039024.45854,
  "LBR": 4332000000.0,
  "LBY": 50491722445.7773,
  "LTU": 77836396962.77196,
  "LMY": 37425214512640.016,
  "LIC": 646797730009.0897,
  "LMC": 7384750127842.017,
  "LUX": 85755006123.5976,
  "MAC": 47061843715.85648,
  "MDG": 16031702914.91953,
  "MWI": 14084341062.367504,
  "MYS": 399648828546.5043,
  "MDV": 6600000000.0,
  "MLI": 20904898296.250145,
  "MLT": 20956999452.431664,
  "MHL": 284000000.0,
  "MRT": 10452577062.75806,
  "MUS": 14397127281.382942,
  "MEX": 1788886821046.8132,
  "FSM": 460000000.0,
  "MEA": 4287684126920.0137,
  "TMN": 1629170225345.5205,
  "MNA": 1646554468701.6702,
  "MIC": 36786942112904.5,
  "MDA": 16539436547.294971,
  "MNG": 19872180369.6275,
  "MNE": 7404541964.507791,
  "MAR": 141109373209.41437,
  "MOZ": 20624597846.549507,
  "MMR": 64815031669.095245,
  "NAM": 12351024843.746696,
  "NRU": 154127798.19354144,
  "NPL": 40908073366.84552,
  "NLD": 1118124749886.2942,
  "NZL": 253465703232.14597,
  "NIC": 17829215283.799656,
  "NER": 16819170420.565315,
  "NGA": 362814951696.0728,
  "NAC": 29509296092073.555,
  "MKD": 14761237042.205698,
  "NOR": 485513316503.6304,
  "OED": 64098865773302.98,
  "OMN": 108192457737.3212,
  "OSS": 234402049500.76453,
  "PSS": 11232231820.248749,
  "PAK": 338368455317.8758,
  "PLW": 263020733.717011,
  "PAN": 83382400000.0,
  "PNG": 30932496249.791653,
  "PRY": 42956263543.948166,
  "PER": 267603248655.2527,
  "PHL": 437146372729.9424,
  "POL": 811229100687.5663,
  "PRT": 287080013574.4972,
  "PST": 59851800976561.17,
  "PRE": 1562533897053.5369,
  "PRI": 117902300000.0,
  "ROU": 351002579629.6701,
  "RUS": 2021421476035.417,
  "RWA": 14097768647.66952,
  "WSM": 934100336.2756538,
  "STP": 603240748.9542067,
  "SAU": 1067582933333.3334,
  "SEN": 31013986429.186054,
  "SRB": 75187125426.73755,
  "SYC": 2141450171.139321,
  "SLE": 3809832236.959593,
  "SGP": 501427500080.0585,
  "SXM": 1623165683.1284916,
  "SVK": 132793622283.07095,
  "SVN": 68216781410.52277,
  "SST": 298978248910.6322,
  "SLB": 1631286701.1151562,
  "SOM": 11679800110.152267,
  "ZAF": 377781600985.8731,
  "SAS": 4475567635413.059,
  "TSA": 4475567635413.059,
  "ESP": 1580694712515.714,
  "LKA": 84356860421.12996,
  "KNA": 1077033111.111111,
  "LCA": 2519925938.5244665,
  "VCT": 1065962962.9629627,
  "SSF": 2032749202553.06,
  "TSS": 2032749202553.06,
  "SSA": 2030607752381.921,
  "SDN": 109327023588.7324,
  "SUR": 3782437296.0432286,
  "SWE": 593267701033.4082,
  "CHE": 884940402230.4088,
  "TJK": 12060602008.847782,
  "TZA": 79158286333.52399,
  "THA": 514944993833.5776,
  "TLS": 2243142908.4616103,
  "TGO": 9171261835.06264,
  "TTO": 28139944790.291103,
  "TUN": 48529595416.65326,
  "TUR": 1108022373259.511,
  "TKM": 59887334844.06514,
  "TCA": 1402054390.94734,
  "TUV": 62280311.58521716,
  "UGA": 49272882213.623,
  "UKR": 178757021386.80896,
  "ARE": 504173451327.43365,
  "GBR": 3340032380668.036,
  "USA": 27360935000000.0,
  "UMC": 29403677430761.277,
  "URY": 77240831587.16696,
  "UZB": 90889149306.73126,
  "VUT": 1126313359.2192256,
  "VNM": 429716969049.5928,
  "PSE": 17396300000.0,
  "WLD": 105435039507024.1,
  "ZMB": 28162630953.9285,
  "ZWE": 26538273498.84614
}
