{
  "AFG": -0.7209494151234849,
  "AGO": -0.5500873088181818,
  "AIA": -0.40762418617727275,
  "ALB": -0.8868754732562878,
  "AND": -1.1601287776363636,
  "ARE": -1.284280694378788,
  "ARG": -0.6147001372409091,
  "ARM": -1.358945514568182,
  "ASM": -0.45719370748484844,
  "ATG": -0.43372535753030306,
  "AUS": -0.34330368884848483,
  "AUT": -1.620714977371212,
  "AZE": -0.9321494035,
  "BDI": -0.7086297535378788,
  "BEL": -0.944774644848485,
  "BEN": -1.2086261669772727,
  "BFA": -1.2664358407045455,
  "BGD": -0.6139587202575758,
  "BGR": -1.0996044471727273,
  "BHR": -0.44546488656060607,
  "BHS": -0.21296321886363637,
  "BIH": -1.6920862313856062,
  "BLR": -1.8254238982348487,
  "BLZ": -1.4501089463446968,
  "BOL": -0.9746224429090908,
  "BRA": -0.7962295923863636,
  "BRN": -1.542230042121212,
  "BTN": -1.4640588205257574,
  "BWA": -0.4579756641287878,
  "CAF": -0.47110475303257576,
  "CAN": -0.9350698152727273,
  "CHE": -1.6530717650454547,
  "CHL": -0.9793888742727273,
  "CHN": -0.588518046139394,
  "CIV": -1.089485995190909,
  "CMR": -0.7322131085131364,
  "COD": -0.7547586302727273,
  "COG": -0.6236603184166666,
  "COK": -0.46246878350757575,
  "COL": -1.1785619203484847,
  "COM": -0.46670083128030304,
  "CPV": -0.1908520498021212,
  "CRI": -0.8615972932525757,
  "CUB": -0.23139300530454546,
  "CYM": -0.35449162368939396,
  "CYP": -1.162919994394697,
  "CZE": -1.4378082125,
  "DEU": -1.1957456736363634,
  "DJI": -1.6347719768030302,
  "DNK": -1.0627827339015152,
  "DOM": -0.7073061993712121,
  "DZA": -1.9120475114242426,
  "ECU": -0.9142692168939394,
  "EGY": -1.684972707878788,
  "ERI": -2.15078757219697,
  "ESP": -1.1277779531136363,
  "EST": -1.5694424092954546,
  "ETH": -1.5452438128787878,
  "FIN": -1.0504231452348485,
  "FJI": -0.6703443690454546,
  "FLK": -0.7790844850833332,
  "FRA": -1.001761530403788,
  "FRO": -0.30434946144166664,
  "GAB": -1.0402033370757577,
  "GBR": -0.745246244659091,
  "GEO": -1.4381887754924243,
  "GHA": -1.0272278225530302,
  "GIN": -1.084184994659091,
  "GMB": -0.8547061588636363,
  "GNB": -0.9359009056212121,
  "GNQ": -1.1216575885606062,
  "GRC": -0.8588827448565909,
  "GRL": -1.2892168383560607,
  "GTM": -1.458322423560606,
  "GUY": -0.8725967398939395,
  "HKG": -1.0327150276386363,
  "HMD": -0.7092833832954546,
  "HND": -1.4967232520454545,
  "HRV": -1.4014350531242423,
  "HTI": -0.6667920030530303,
  "HUN": -0.8694957227651514,
  "IDN": -1.227125761439394,
  "IMN": -0.4563541808560606,
  "IND": -0.7327308379318183,
  "IRL": -0.06135243280984848,
  "IRN": -1.2682994682651516,
  "IRQ": -1.3027739651439394,
  "ISL": -2.177884534878788,
  "ISR": -1.1726259112878787,
  "ITA": -1.295470681176515,
  "JAM": -0.9802860033333333,
  "JOR": -1.2489703302878787,
  "JPN": -1.7918951749469698,
  "KAZ": -0.44060123958106057,
  "KEN": -1.0151061444166667,
  "KGZ": -0.2924771531969697,
  "KHM": -1.5965610413636362,
  "KIR": -0.41341645824242423,
  "KOR": -1.617200105530303,
  "KWT": -1.0996863301780304,
  "LAO": -1.1577935945492424,
  "LBN": -1.0953749874886363,
  "LBR": -0.8518400497424242,
  "LBY": -1.9549358650303033,
  "LKA": -1.0462708629545454,
  "LSO": -0.9843793648863636,
  "LTU": -1.5890033342272725,
  "LUX": -0.9893364015833334,
  "LVA": -1.5795890355575757,
  "MAR": -1.192456942219697,
  "MDA": -1.223445662739394,
  "MDG": -0.9905373101439394,
  "MEX": -1.3386918749242425,
  "MKD": -1.4195297396363638,
  "MLI": -1.6910683260151516,
  "MMR": -1.4248994392878787,
  "MNE": -1.4539085319469696,
  "MNG": -0.20216019506287883,
  "MOZ": -0.40377804768939396,
  "MRT": -1.4785061062878788,
  "MUS": -0.4727818028901515,
  "MWI": -0.5804156244840909,
  "MYS": -1.5088983463636365,
  "NAM": -0.7621820537575758,
  "NCL": -1.0328195888151515,
  "NER": -2.204116566439394,
  "NGA": -0.9619443349090908,
  "NIC": -1.1649624788636364,
  "NLD": -1.0116805990454545,
  "NOR": -2.5318426279545454,
  "NPL": -1.2484447945681818,
  "NZL": -1.4151474101590908,
  "OMN": -0.9704093671590909,
  "OWID_KOS": -1.6335676892272728,
  "OWID_WRL": -0.673234058030303,
  "PAK": -0.32089398521818185,
  "PAN": -1.1325090438636365,
  "PER": -1.1291478529090908,
  "PHL": -1.4444929007575757,
  "PNG": -1.1481204771969695,
  "POL": -1.4837992605757575,
  "PRI": -0.9188011743863637,
  "PRK": -1.7062479275810605,
  "PRT": -0.3625630784166667,
  "PRY": -0.6814052138333332,
  "PSE": -1.005433968159091,
  "PYF": -0.40925261483106057,
  "QAT": -1.1405572247272728,
  "ROU": -1.121394795098485,
  "RUS": -1.190208753,
  "RWA": -0.663696708189394,
  "SAU": -2.14506923680303,
  "SDN": -2.044561845480303,
  "SEN": -1.128404109287879,
  "SGS": -0.8729435731035605,
  "SHN": -0.32243448369924244,
  "SLB": -0.6203856887348485,
  "SLE": -0.8690420453409092,
  "SLV": -1.2616859261363638,
  "SOM": -0.736011360094697,
  "SRB": -1.1360532955356062,
  "SSD": -1.5605797882575756,
  "STP": -0.7029441798863636,
  "SUR": -0.7592069895909092,
  "SVK": -1.658238175901515,
  "SVN": -1.705516612878788,
  "SWE": -1.209169322530303,
  "SWZ": -0.6644288314848485,
  "SYC": -0.5545334531401515,
  "SYR": -1.1024462469090908,
  "TCD": -1.5826256646969696,
  "TGO": -1.1264408387803029,
  "THA": -1.391093472621212,
  "TJK": -0.39114352627272725,
  "TKM": -0.22010575556818185,
  "TLS": -0.7579675740249999,
  "TTO": -0.8638397991515152,
  "TUN": -1.8216142305,
  "TUR": -1.7075264441742422,
  "TZA": -0.6882390783636364,
  "UGA": -1.1569172281363636,
  "UKR": -1.436460451673485,
  "URY": 0.09297448027727272,
  "USA": -1.3594659495454544,
  "UZB": -0.2360028210530303,
  "VCT": -0.5002731702878788,
  "VEN": -1.2850356246439394,
  "VIR": -0.42895194196969694,
  "VNM": -1.2006035466742424,
  "VUT": -0.42087307875,
  "WSM": -0.419495264310606,
  "YEM": -1.9295413997727273,
  "ZAF": -0.7550802094015151,
  "ZMB": -0.6347284191053031,
  "ZWE": -0.7822018667651514
}
